﻿<?xml version="1.0"?>
<doc>
<assembly>
<name>
FMS_PRINTTAG
</name>
</assembly>
<members>
<member name="T:FMS_PRINTTAG.My.Resources.Resources">
<summary>
  A strongly-typed resource class, for looking up localized strings, etc.
</summary>
</member>
<member name="P:FMS_PRINTTAG.My.Resources.Resources.ResourceManager">
<summary>
  Returns the cached ResourceManager instance used by this class.
</summary>
</member>
<member name="P:FMS_PRINTTAG.My.Resources.Resources.Culture">
<summary>
  Overrides the current thread's CurrentUICulture property for all
  resource lookups using this strongly typed resource class.
</summary>
</member>
<member name="P:FMS_PRINTTAG.My.Resources.Resources.admin">
<summary>
  Looks up a localized resource of type System.Drawing.Bitmap.
</summary>
</member>
<member name="P:FMS_PRINTTAG.My.Resources.Resources.users2">
<summary>
  Looks up a localized resource of type System.Drawing.Bitmap.
</summary>
</member>
<member name="T:FMS_PRINTTAG.EncryptDecrypt_Class">
 <summary>
 Summary description for SSTCryptographer
 </summary>
</member>
<member name="M:FMS_PRINTTAG.EncryptDecrypt_Class.Encrypt(System.String)">
 <summary>
 Encrypt the given string using the default key.
 </summary>
 <param name="strToEncrypt">The string to be encrypted.</param>
 <returns>The encrypted string.</returns>
</member>
<member name="M:FMS_PRINTTAG.EncryptDecrypt_Class.Decrypt(System.String)">
 <summary>
 Decrypt the given string using the default key.
 </summary>
 <param name="strEncrypted">The string to be decrypted.</param>
 <returns>The decrypted string.</returns>
</member>
<member name="M:FMS_PRINTTAG.EncryptDecrypt_Class.Encrypt(System.String,System.String)">
 <summary>
 Encrypt the given string using the specified key.
 </summary>
 <param name="strToEncrypt">The string to be encrypted.</param>
 <param name="strKey">The encryption key.</param>
 <returns>The encrypted string.</returns>
</member>
<member name="M:FMS_PRINTTAG.EncryptDecrypt_Class.Decrypt(System.String,System.String)">
 <summary>
 Decrypt the given string using the specified key.
 </summary>
 <param name="strEncrypted">The string to be decrypted.</param>
 <param name="strKey">The decryption key.</param>
 <returns>The decrypted string.</returns>
</member>
</members>
</doc>
